dataset,A,Z,species,nr,l,j,energy_MeV,orbital,state_type
Seminole synthetic,208,82,neutron,0,0,0.5,-41.03927490809385,,
Seminole synthetic,208,82,neutron,1,0,0.5,-30.33203205753351,,
Seminole synthetic,208,82,neutron,2,0,0.5,-15.6993380859013,,
Seminole synthetic,208,82,neutron,3,0,0.5,-1.3868398347026931,,
Seminole synthetic,208,82,neutron,0,1,0.5,-36.59656027308006,,
Seminole synthetic,208,82,neutron,1,1,0.5,-23.197121356248093,,
Seminole synthetic,208,82,neutron,2,1,0.5,-7.6939097116263,,
Seminole synthetic,208,82,neutron,0,1,1.5,-37.19824445265277,,
Seminole synthetic,208,82,neutron,1,1,1.5,-24.117447692788893,,
Seminole synthetic,208,82,neutron,2,1,1.5,-8.499184821925198,,
Seminole synthetic,208,82,neutron,0,2,1.5,-31.287540092084445,,
Seminole synthetic,208,82,neutron,1,2,1.5,-15.903908350459096,,
Seminole synthetic,208,82,neutron,2,2,1.5,-0.9470478427523039,,
Seminole synthetic,208,82,neutron,0,2,2.5,-32.696742263636104,,
Seminole synthetic,208,82,neutron,1,2,2.5,-17.547196228010392,,
Seminole synthetic,208,82,neutron,2,2,2.5,-1.9197446385228918,,
Seminole synthetic,208,82,neutron,0,3,2.5,-25.119093611756412,,
Seminole synthetic,208,82,neutron,1,3,2.5,-8.419222954442647,,
Seminole synthetic,208,82,neutron,0,3,3.5,-27.617068610947268,,
Seminole synthetic,208,82,neutron,1,3,3.5,-10.723284313480018,,
Seminole synthetic,208,82,neutron,0,4,3.5,-18.207755625476906,,
Seminole synthetic,208,82,neutron,1,4,3.5,-1.1166802805101737,,
Seminole synthetic,208,82,neutron,0,4,4.5,-22.008363022916075,,
Seminole synthetic,208,82,neutron,1,4,4.5,-3.8288882851407586,,
Seminole synthetic,208,82,neutron,0,5,4.5,-10.679870326839458,,
Seminole synthetic,208,82,neutron,0,5,5.5,-15.905250107460121,,
Seminole synthetic,208,82,neutron,0,6,5.5,-2.695069799996308,,
Seminole synthetic,208,82,neutron,0,6,6.5,-9.339706621473889,,
Seminole synthetic,208,82,neutron,0,7,7.5,-2.351591926547251,,
Seminole synthetic,208,82,proton,0,0,0.5,-33.92797746980044,,
Seminole synthetic,208,82,proton,1,0,0.5,-23.137478706067554,,
Seminole synthetic,208,82,proton,2,0,0.5,-8.006932460737524,,
Seminole synthetic,208,82,proton,0,1,0.5,-29.939946659188912,,
Seminole synthetic,208,82,proton,1,1,0.5,-16.025590425235794,,
Seminole synthetic,208,82,proton,0,1,1.5,-30.602717344653406,,
Seminole synthetic,208,82,proton,1,1,1.5,-16.910220861022285,,
Seminole synthetic,208,82,proton,2,1,1.5,-0.39534530605408474,,
Seminole synthetic,208,82,proton,0,2,1.5,-24.907395626480877,,
Seminole synthetic,208,82,proton,1,2,1.5,-8.64795128527104,,
Seminole synthetic,208,82,proton,0,2,2.5,-26.378275101461533,,
Seminole synthetic,208,82,proton,1,2,2.5,-10.256391116418662,,
Seminole synthetic,208,82,proton,0,3,2.5,-18.878697124754517,,
Seminole synthetic,208,82,proton,1,3,2.5,-0.9157155719383937,,
Seminole synthetic,208,82,proton,0,3,3.5,-21.412256170775375,,
Seminole synthetic,208,82,proton,1,3,3.5,-3.2463252668957607,,
Seminole synthetic,208,82,proton,0,4,3.5,-11.993226551670832,,
Seminole synthetic,208,82,proton,0,4,4.5,-15.793879076258982,,
Seminole synthetic,208,82,proton,0,5,4.5,-4.3761531843847825,,
Seminole synthetic,208,82,proton,0,5,5.5,-9.58235932460688,,
Seminole synthetic,208,82,proton,0,6,6.5,-2.823978375578212,,
Seminole synthetic,56,28,neutron,0,0,0.5,-43.52932246545865,,
Seminole synthetic,56,28,neutron,1,0,0.5,-22.035065970383204,,
Seminole synthetic,56,28,neutron,2,0,0.5,-1.4733057144318913,,
Seminole synthetic,56,28,neutron,0,1,0.5,-33.123576533250635,,
Seminole synthetic,56,28,neutron,1,1,0.5,-9.627242627811212,,
Seminole synthetic,56,28,neutron,0,1,1.5,-35.19727910165898,,
Seminole synthetic,56,28,neutron,1,1,1.5,-11.538873545171715,,
Seminole synthetic,56,28,neutron,0,2,1.5,-21.780627723052465,,
Seminole synthetic,56,28,neutron,0,2,2.5,-25.966681331810584,,
Seminole synthetic,56,28,neutron,1,2,2.5,-2.0580537752343737,,
Seminole synthetic,56,28,neutron,0,3,2.5,-9.637227723526873,,
Seminole synthetic,56,28,neutron,0,3,3.5,-16.01384290987461,,
Seminole synthetic,56,28,neutron,0,4,4.5,-5.535667624330447,,
Seminole synthetic,56,28,proton,0,0,0.5,-32.66939016507819,,
Seminole synthetic,56,28,proton,1,0,0.5,-12.137281696345328,,
Seminole synthetic,56,28,proton,0,1,0.5,-22.7820566722474,,
Seminole synthetic,56,28,proton,1,1,0.5,-0.6467146521553395,,
Seminole synthetic,56,28,proton,0,1,1.5,-24.935180644907742,,
Seminole synthetic,56,28,proton,1,1,1.5,-2.41346505474107,,
Seminole synthetic,56,28,proton,0,2,1.5,-11.967762168016304,,
Seminole synthetic,56,28,proton,0,2,2.5,-16.235830791799543,,
Seminole synthetic,56,28,proton,0,3,2.5,-0.450260359262028,,
Seminole synthetic,56,28,proton,0,3,3.5,-6.793832457433767,,
Seminole synthetic,132,50,neutron,0,0,0.5,-38.658951707812406,,
Seminole synthetic,132,50,neutron,1,0,0.5,-25.061518889737712,,
Seminole synthetic,132,50,neutron,2,0,0.5,-8.151888969761266,,
Seminole synthetic,132,50,neutron,0,1,0.5,-32.71928451708508,,
Seminole synthetic,132,50,neutron,1,1,0.5,-16.322845228556154,,
Seminole synthetic,132,50,neutron,2,1,0.5,-0.7038018429716755,,
Seminole synthetic,132,50,neutron,0,1,1.5,-33.686584072549955,,
Seminole synthetic,132,50,neutron,1,1,1.5,-17.572166697492484,,
Seminole synthetic,132,50,neutron,2,1,1.5,-1.3124910350636045,,
Seminole synthetic,132,50,neutron,0,2,1.5,-25.801947533785462,,
Seminole synthetic,132,50,neutron,1,2,1.5,-7.899695949261581,,
Seminole synthetic,132,50,neutron,0,2,2.5,-27.96732395806403,,
Seminole synthetic,132,50,neutron,1,2,2.5,-9.933565429750214,,
Seminole synthetic,132,50,neutron,0,3,2.5,-17.929907154137137,,
Seminole synthetic,132,50,neutron,1,3,2.5,-0.14076008249786298,,
Seminole synthetic,132,50,neutron,0,3,3.5,-21.602496672446012,,
Seminole synthetic,132,50,neutron,1,3,3.5,-2.4859449973590677,,
Seminole synthetic,132,50,neutron,0,4,3.5,-9.340960796432583,,
Seminole synthetic,132,50,neutron,0,4,4.5,-14.659041477313373,,
Seminole synthetic,132,50,neutron,0,5,4.5,-0.3622705467208914,,
Seminole synthetic,132,50,neutron,0,5,5.5,-7.201626453520396,,
Seminole synthetic,132,50,proton,0,0,0.5,-39.83257385896047,,
Seminole synthetic,132,50,proton,1,0,0.5,-25.635470200704088,,
Seminole synthetic,132,50,proton,2,0,0.5,-7.046225571353509,,
Seminole synthetic,132,50,proton,0,1,0.5,-34.03022669064546,,
Seminole synthetic,132,50,proton,1,1,0.5,-16.441411369022532,,
Seminole synthetic,132,50,proton,0,1,1.5,-34.986472278896045,,
Seminole synthetic,132,50,proton,1,1,1.5,-17.66657614872964,,
Seminole synthetic,132,50,proton,0,2,1.5,-27.057031651182957,,
Seminole synthetic,132,50,proton,1,2,1.5,-7.2537776146031145,,
Seminole synthetic,132,50,proton,0,2,2.5,-29.161712169161053,,
Seminole synthetic,132,50,proton,1,2,2.5,-9.374130058892716,,
Seminole synthetic,132,50,proton,0,3,2.5,-18.95659323399734,,
Seminole synthetic,132,50,proton,0,3,3.5,-22.52050869255176,,
Seminole synthetic,132,50,proton,1,3,3.5,-0.9452450524042606,,
Seminole synthetic,132,50,proton,0,4,3.5,-9.94309685364965,,
Seminole synthetic,132,50,proton,0,4,4.5,-15.162620165384826,,
Seminole synthetic,132,50,proton,0,5,4.5,-0.24589396968575797,,
Seminole synthetic,132,50,proton,0,5,5.5,-7.164921577106898,,
Seminole synthetic,100,50,neutron,0,0,0.5,-46.01142814985812,,
Seminole synthetic,100,50,neutron,1,0,0.5,-29.528500294731803,,
Seminole synthetic,100,50,neutron,2,0,0.5,-9.624627284516205,,
Seminole synthetic,100,50,neutron,0,1,0.5,-38.67545894206232,,
Seminole synthetic,100,50,neutron,1,1,0.5,-19.128619034033175,,
Seminole synthetic,100,50,neutron,2,1,0.5,-0.9757095331412513,,
Seminole synthetic,100,50,neutron,0,1,1.5,-39.875881067452646,,
Seminole synthetic,100,50,neutron,1,1,1.5,-20.606850788705938,,
Seminole synthetic,100,50,neutron,2,1,1.5,-1.706372734591187,,
Seminole synthetic,100,50,neutron,0,2,1.5,-30.247272604075953,,
Seminole synthetic,100,50,neutron,1,2,1.5,-9.20550201042485,,
Seminole synthetic,100,50,neutron,0,2,2.5,-32.874724608358676,,
Seminole synthetic,100,50,neutron,1,2,2.5,-11.592728693328354,,
Seminole synthetic,100,50,neutron,0,3,2.5,-20.756318839828534,,
Seminole synthetic,100,50,neutron,1,3,2.5,-0.16597547385841668,,
Seminole synthetic,100,50,neutron,0,3,3.5,-25.13327245140051,,
Seminole synthetic,100,50,neutron,1,3,3.5,-2.896971511054262,,
Seminole synthetic,100,50,neutron,0,4,3.5,-10.507108413333121,,
Seminole synthetic,100,50,neutron,0,4,4.5,-16.74067463278586,,
Seminole synthetic,100,50,neutron,0,5,5.5,-7.788553466155932,,
Seminole synthetic,100,50,proton,0,0,0.5,-29.6772056029147,,
Seminole synthetic,100,50,proton,1,0,0.5,-14.110705913134089,,
Seminole synthetic,100,50,proton,0,1,0.5,-22.97193733521744,,
Seminole synthetic,100,50,proton,1,1,0.5,-4.422817482960125,,
Seminole synthetic,100,50,proton,0,1,1.5,-24.2929867442876,,
Seminole synthetic,100,50,proton,1,1,1.5,-5.857374150398057,,
Seminole synthetic,100,50,proton,0,2,1.5,-15.119145233403474,,
Seminole synthetic,100,50,proton,0,2,2.5,-17.92094402606494,,
Seminole synthetic,100,50,proton,0,3,2.5,-6.190912760119363,,
Seminole synthetic,100,50,proton,0,3,3.5,-10.741074999779208,,
Seminole synthetic,100,50,proton,0,4,4.5,-2.879542095978185,,
Seminole synthetic,40,20,neutron,0,0,0.5,-41.79015983090607,,
Seminole synthetic,40,20,neutron,1,0,0.5,-17.350481103788717,,
Seminole synthetic,40,20,neutron,0,1,0.5,-29.246881632218468,,
Seminole synthetic,40,20,neutron,1,1,0.5,-4.510066792960047,,
Seminole synthetic,40,20,neutron,0,1,1.5,-32.009165743154455,,
Seminole synthetic,40,20,neutron,1,1,1.5,-6.476331115724236,,
Seminole synthetic,40,20,neutron,0,2,1.5,-16.148542662202136,,
Seminole synthetic,40,20,neutron,0,2,2.5,-21.38957843293203,,
Seminole synthetic,40,20,neutron,0,3,2.5,-2.8612639618961384,,
Seminole synthetic,40,20,neutron,0,3,3.5,-10.17540172826309,,
Seminole synthetic,40,20,proton,0,0,0.5,-33.29256146055299,,
Seminole synthetic,40,20,proton,1,0,0.5,-9.84921114974796,,
Seminole synthetic,40,20,proton,0,1,0.5,-21.22627889170948,,
Seminole synthetic,40,20,proton,0,1,1.5,-24.043482078563105,,
Seminole synthetic,40,20,proton,0,2,1.5,-8.660630833089682,,
Seminole synthetic,40,20,proton,0,2,2.5,-13.91746837592797,,
Seminole synthetic,40,20,proton,0,3,3.5,-3.2127286804581248,,
Seminole synthetic,48,20,neutron,0,0,0.5,-36.353451454394815,,
Seminole synthetic,48,20,neutron,1,0,0.5,-14.805706507538625,,
Seminole synthetic,48,20,neutron,0,1,0.5,-25.426066350278187,,
Seminole synthetic,48,20,neutron,1,1,0.5,-3.4417821195770046,,
Seminole synthetic,48,20,neutron,0,1,1.5,-27.857426931368764,,
Seminole synthetic,48,20,neutron,1,1,1.5,-5.160940661801697,,
Seminole synthetic,48,20,neutron,0,2,1.5,-13.878792724541459,,
Seminole synthetic,48,20,neutron,0,2,2.5,-18.574677190284792,,
Seminole synthetic,48,20,neutron,0,3,2.5,-2.080861007848297,,
Seminole synthetic,48,20,neutron,0,3,3.5,-8.713333762673626,,
Seminole synthetic,48,20,proton,0,0,0.5,-39.85090642801549,,
Seminole synthetic,48,20,proton,1,0,0.5,-16.802123489662257,,
Seminole synthetic,48,20,proton,0,1,0.5,-28.57597873491763,,
Seminole synthetic,48,20,proton,1,1,0.5,-3.899699024453605,,
Seminole synthetic,48,20,proton,0,1,1.5,-30.959600032105417,,
Seminole synthetic,48,20,proton,1,1,1.5,-5.896103786327578,,
Seminole synthetic,48,20,proton,0,2,1.5,-16.396950579167747,,
Seminole synthetic,48,20,proton,0,2,2.5,-21.07574598727568,,
Seminole synthetic,48,20,proton,0,3,2.5,-3.5187850520391857,,
Seminole synthetic,48,20,proton,0,3,3.5,-10.432883193483,,
Seminole synthetic,16,8,neutron,0,0,0.5,-36.21207763956755,,
Seminole synthetic,16,8,neutron,1,0,0.5,-5.5429439933074285,,
Seminole synthetic,16,8,neutron,0,1,0.5,-16.930453160147938,,
Seminole synthetic,16,8,neutron,0,1,1.5,-22.116044362219792,,
Seminole synthetic,16,8,neutron,0,2,1.5,-0.751473372767085,,
Seminole synthetic,16,8,neutron,0,2,2.5,-7.935217734093312,,
Seminole synthetic,16,8,proton,0,0,0.5,-32.09290423385876,,
Seminole synthetic,16,8,proton,1,0,0.5,-2.5563306045502205,,
Seminole synthetic,16,8,proton,0,1,0.5,-13.241182347831552,,
Seminole synthetic,16,8,proton,0,1,1.5,-18.401533496322532,,
Seminole synthetic,16,8,proton,0,2,2.5,-4.666264028064707,,
Seminole synthetic,90,40,neutron,0,0,0.5,-41.359001615239734,,
Seminole synthetic,90,40,neutron,1,0,0.5,-24.475383733001234,,
Seminole synthetic,90,40,neutron,2,0,0.5,-5.260822286512085,,
Seminole synthetic,90,40,neutron,0,1,0.5,-33.67353563486904,,
Seminole synthetic,90,40,neutron,1,1,0.5,-14.033269209382906,,
Seminole synthetic,90,40,neutron,0,1,1.5,-35.040670810434946,,
Seminole synthetic,90,40,neutron,1,1,1.5,-15.582776134806648,,
Seminole synthetic,90,40,neutron,0,2,1.5,-24.9445919373637,,
Seminole synthetic,90,40,neutron,1,2,1.5,-4.525980687359876,,
Seminole synthetic,90,40,neutron,0,2,2.5,-27.88301124490913,,
Seminole synthetic,90,40,neutron,1,2,2.5,-6.8385118584772195,,
Seminole synthetic,90,40,neutron,0,3,2.5,-15.222679476196856,,
Seminole synthetic,90,40,neutron,0,3,3.5,-20.01343331376059,,
Seminole synthetic,90,40,neutron,0,4,3.5,-4.919029888977607,,
Seminole synthetic,90,40,neutron,0,4,4.5,-11.532625067949873,,
Seminole synthetic,90,40,neutron,0,5,5.5,-2.568600711505752,,
Seminole synthetic,90,40,proton,0,0,0.5,-35.66182481528479,,
Seminole synthetic,90,40,proton,1,0,0.5,-18.717419444068636,,
Seminole synthetic,90,40,proton,0,1,0.5,-28.235686060712016,,
Seminole synthetic,90,40,proton,1,1,0.5,-8.194513227386002,,
Seminole synthetic,90,40,proton,0,1,1.5,-29.635299394512206,,
Seminole synthetic,90,40,proton,1,1,1.5,-9.7388414347319,,
Seminole synthetic,90,40,proton,0,2,1.5,-19.631451519804997,,
Seminole synthetic,90,40,proton,0,2,2.5,-22.598192052073166,,
Seminole synthetic,90,40,proton,1,2,2.5,-0.8518476271400272,,
Seminole synthetic,90,40,proton,0,3,2.5,-9.915576665967919,,
Seminole synthetic,90,40,proton,0,3,3.5,-14.729950924911224,,
Seminole synthetic,90,40,proton,0,4,4.5,-6.159806541298313,,
Wahlborn synthetic,12,6,neutron,0,0,0.5,-27.23289586357783,,
Wahlborn synthetic,12,6,neutron,1,0,0.5,-0.6983004456452088,,
Wahlborn synthetic,12,6,neutron,0,1,0.5,-7.0290244961576045,,
Wahlborn synthetic,12,6,neutron,0,1,1.5,-13.78124550837073,,
Wahlborn synthetic,12,6,neutron,0,2,2.5,-1.252682475224107,,
Wahlborn synthetic,12,6,proton,0,0,0.5,-24.11945850515288,,
Wahlborn synthetic,12,6,proton,0,1,0.5,-4.42219794592585,,
Wahlborn synthetic,12,6,proton,0,1,1.5,-11.08288463460247,,
Wahlborn synthetic,16,8,neutron,0,0,0.5,-30.38487407684111,,
Wahlborn synthetic,16,8,neutron,1,0,0.5,-2.9676023681362973,,
Wahlborn synthetic,16,8,neutron,0,1,0.5,-11.884727184189813,,
Wahlborn synthetic,16,8,neutron,0,1,1.5,-17.684108350791725,,
Wahlborn synthetic,16,8,neutron,0,2,2.5,-5.298458386419465,,
Wahlborn synthetic,16,8,proton,0,0,0.5,-26.3387990550995,,
Wahlborn synthetic,16,8,proton,1,0,0.5,-0.30646032849505245,,
Wahlborn synthetic,16,8,proton,0,1,0.5,-8.302651862341268,,
Wahlborn synthetic,16,8,proton,0,1,1.5,-14.081702965325476,,
Wahlborn synthetic,16,8,proton,0,2,2.5,-2.1911602067352227,,
Wahlborn synthetic,20,10,neutron,0,0,0.5,-32.655885414439076,,
Wahlborn synthetic,20,10,neutron,1,0,0.5,-5.457267356069558,,
Wahlborn synthetic,20,10,neutron,0,1,0.5,-15.676080065039864,,
Wahlborn synthetic,20,10,neutron,0,1,1.5,-20.664424915151322,,
Wahlborn synthetic,20,10,neutron,0,2,1.5,-0.6373013561190302,,
Wahlborn synthetic,20,10,neutron,0,2,2.5,-8.662193424504482,,
Wahlborn synthetic,20,10,proton,0,0,0.5,-27.764128629360673,,
Wahlborn synthetic,20,10,proton,1,0,0.5,-1.8201073968293011,,
Wahlborn synthetic,20,10,proton,0,1,0.5,-11.23259660471439,,
Wahlborn synthetic,20,10,proton,0,1,1.5,-16.23901497462111,,
Wahlborn synthetic,20,10,proton,0,2,2.5,-4.7285908714412335,,
Wahlborn synthetic,24,12,neutron,0,0,0.5,-34.39053824025989,,
Wahlborn synthetic,24,12,neutron,1,0,0.5,-7.809089984750056,,
Wahlborn synthetic,24,12,neutron,0,1,0.5,-18.70140178362617,,
Wahlborn synthetic,24,12,neutron,0,1,1.5,-23.037339791698912,,
Wahlborn synthetic,24,12,neutron,0,2,1.5,-3.8261064385588384,,
Wahlborn synthetic,24,12,neutron,0,2,2.5,-11.464266961711406,,
Wahlborn synthetic,24,12,neutron,0,3,3.5,-0.15620467002619642,,
Wahlborn synthetic,24,12,proton,0,0,0.5,-28.715756457982202,,
Wahlborn synthetic,24,12,proton,1,0,0.5,-3.3153165703692205,,
Wahlborn synthetic,24,12,proton,0,1,0.5,-13.470471658864332,,
Wahlborn synthetic,24,12,proton,0,1,1.5,-17.84880520050858,,
Wahlborn synthetic,24,12,proton,0,2,2.5,-6.771857196705929,,
Wahlborn synthetic,28,14,neutron,0,0,0.5,-35.76914882059103,,
Wahlborn synthetic,28,14,neutron,1,0,0.5,-9.948013087819763,,
Wahlborn synthetic,28,14,neutron,0,1,0.5,-21.173386035826685,,
Wahlborn synthetic,28,14,neutron,0,1,1.5,-24.984455842589732,,
Wahlborn synthetic,28,14,neutron,1,1,1.5,-0.9113329404516277,,
Wahlborn synthetic,28,14,neutron,0,2,1.5,-6.7440753911554845,,
Wahlborn synthetic,28,14,neutron,0,2,2.5,-13.834291458479509,,
Wahlborn synthetic,28,14,neutron,0,3,3.5,-2.686109007310573,,
Wahlborn synthetic,28,14,proton,0,0,0.5,-29.35935872987145,,
Wahlborn synthetic,28,14,proton,1,0,0.5,-4.669518437400733,,
Wahlborn synthetic,28,14,proton,0,1,0.5,-15.208943317299795,,
Wahlborn synthetic,28,14,proton,0,1,1.5,-19.079261550109937,,
Wahlborn synthetic,28,14,proton,0,2,1.5,-1.3951607974229288,,
Wahlborn synthetic,28,14,proton,0,2,2.5,-8.431949899722468,,
Wahlborn synthetic,32,16,neutron,0,0,0.5,-36.897013564354076,,
Wahlborn synthetic,32,16,neutron,1,0,0.5,-11.87361413174175,,
Wahlborn synthetic,32,16,neutron,0,1,0.5,-23.235047665317808,,
Wahlborn synthetic,32,16,neutron,1,1,0.5,-0.31689390707886333,,
Wahlborn synthetic,32,16,neutron,0,1,1.5,-26.619004918617037,,
Wahlborn synthetic,32,16,neutron,1,1,1.5,-2.290254400821221,,
Wahlborn synthetic,32,16,neutron,0,2,1.5,-9.32889870729769,,
Wahlborn synthetic,32,16,neutron,0,2,2.5,-15.869307660067214,,
Wahlborn synthetic,32,16,neutron,0,3,3.5,-4.960438646421732,,
Wahlborn synthetic,32,16,proton,0,0,0.5,-29.790622670112896,,
Wahlborn synthetic,32,16,proton,1,0,0.5,-5.86217912744267,,
Wahlborn synthetic,32,16,proton,0,1,0.5,-16.5789424314854,,
Wahlborn synthetic,32,16,proton,0,1,1.5,-20.034559640719795,,
Wahlborn synthetic,32,16,proton,0,2,1.5,-3.2431095142367834,,
Wahlborn synthetic,32,16,proton,0,2,2.5,-9.795456161891016,,
Wahlborn synthetic,40,20,neutron,0,0,0.5,-38.643654114341544,,
Wahlborn synthetic,40,20,neutron,1,0,0.5,-15.167660081289418,,
Wahlborn synthetic,40,20,neutron,0,1,0.5,-26.48963334002215,,
Wahlborn synthetic,40,20,neutron,1,1,0.5,-2.7706987684184554,,
Wahlborn synthetic,40,20,neutron,0,1,1.5,-29.227028221069027,,
Wahlborn synthetic,40,20,neutron,1,1,1.5,-5.154847077397203,,
Wahlborn synthetic,40,20,neutron,0,2,1.5,-13.626645886544768,,
Wahlborn synthetic,40,20,neutron,0,2,2.5,-19.197739736919107,,
Wahlborn synthetic,40,20,neutron,0,3,2.5,-0.5231894155805508,,
Wahlborn synthetic,40,20,neutron,0,3,3.5,-8.819189008666239,,
Wahlborn synthetic,40,20,proton,0,0,0.5,-30.2342506575499,,
Wahlborn synthetic,40,20,proton,1,0,0.5,-7.803519224338004,,
Wahlborn synthetic,40,20,proton,0,1,0.5,-18.54602669304069,,
Wahlborn synthetic,40,20,proton,0,1,1.5,-21.372271799539856,,
Wahlborn synthetic,40,20,proton,0,2,1.5,-6.211783622577177,,
Wahlborn synthetic,40,20,proton,0,2,2.5,-11.87029575704792,,
Wahlborn synthetic,40,20,proton,0,3,3.5,-2.0383584330906337,,
Wahlborn synthetic,48,20,neutron,0,0,0.5,-34.693091050911065,,
Wahlborn synthetic,48,20,neutron,1,0,0.5,-13.734614532414597,,
Wahlborn synthetic,48,20,neutron,0,1,0.5,-24.218740116864613,,
Wahlborn synthetic,48,20,neutron,1,1,0.5,-2.6357919479889222,,
Wahlborn synthetic,48,20,neutron,0,1,1.5,-26.314210553379514,,
Wahlborn synthetic,48,20,neutron,1,1,1.5,-4.561544291676375,,
Wahlborn synthetic,48,20,neutron,0,2,1.5,-12.9240023505837,,
Wahlborn synthetic,48,20,neutron,0,2,2.5,-17.287123223224977,,
Wahlborn synthetic,48,20,neutron,0,3,2.5,-1.215680669870718,,
Wahlborn synthetic,48,20,neutron,0,3,3.5,-7.881907149014837,,
Wahlborn synthetic,48,20,proton,0,0,0.5,-37.237588723622586,,
Wahlborn synthetic,48,20,proton,1,0,0.5,-14.922256192905984,,
Wahlborn synthetic,48,20,proton,0,1,0.5,-26.150227762350184,,
Wahlborn synthetic,48,20,proton,1,1,0.5,-2.05952613428495,,
Wahlborn synthetic,48,20,proton,0,1,1.5,-28.683800316733514,,
Wahlborn synthetic,48,20,proton,1,1,1.5,-4.764171149781884,,
Wahlborn synthetic,48,20,proton,0,2,1.5,-14.034587967405399,,
Wahlborn synthetic,48,20,proton,0,2,2.5,-19.358065546703514,,
Wahlborn synthetic,48,20,proton,0,3,2.5,-1.0782397771265768,,
Wahlborn synthetic,48,20,proton,0,3,3.5,-9.509673819692381,,
Wahlborn synthetic,56,28,neutron,0,0,0.5,-40.955520272333,,
Wahlborn synthetic,56,28,neutron,1,0,0.5,-20.119870141928143,,
Wahlborn synthetic,56,28,neutron,2,0,0.5,-0.8533847840823227,,
Wahlborn synthetic,56,28,neutron,0,1,0.5,-30.89775397316402,,
Wahlborn synthetic,56,28,neutron,1,1,0.5,-7.897490881729204,,
Wahlborn synthetic,56,28,neutron,0,1,1.5,-32.830807145224654,,
Wahlborn synthetic,56,28,neutron,1,1,1.5,-10.203998094704415,,
Wahlborn synthetic,56,28,neutron,0,2,1.5,-19.779810093933662,,
Wahlborn synthetic,56,28,neutron,0,2,2.5,-23.95633398383167,,
Wahlborn synthetic,56,28,neutron,1,2,2.5,-1.4588770249083505,,
Wahlborn synthetic,56,28,neutron,0,3,2.5,-7.736865142466658,,
Wahlborn synthetic,56,28,neutron,0,3,3.5,-14.559250242738544,,
Wahlborn synthetic,56,28,neutron,0,4,4.5,-4.836282310948441,,
Wahlborn synthetic,56,28,proton,0,0,0.5,-30.198146850025505,,
Wahlborn synthetic,56,28,proton,1,0,0.5,-10.353127277134007,,
Wahlborn synthetic,56,28,proton,0,1,0.5,-20.646415135662494,,
Wahlborn synthetic,56,28,proton,0,1,1.5,-22.688242628483064,,
Wahlborn synthetic,56,28,proton,1,1,1.5,-1.2683399485982858,,
Wahlborn synthetic,56,28,proton,0,2,1.5,-10.039577979892314,,
Wahlborn synthetic,56,28,proton,0,2,2.5,-14.375661705874643,,
Wahlborn synthetic,56,28,proton,0,3,3.5,-5.52767736864631,,
Wahlborn synthetic,40,18,neutron,0,0,0.5,-35.53535282425177,,
Wahlborn synthetic,40,18,neutron,1,0,0.5,-12.823141477985338,,
Wahlborn synthetic,40,18,neutron,0,1,0.5,-23.741530757559737,,
Wahlborn synthetic,40,18,neutron,1,1,0.5,-1.4322980250167818,,
Wahlborn synthetic,40,18,neutron,0,1,1.5,-26.341541835718132,,
Wahlborn synthetic,40,18,neutron,1,1,1.5,-3.4326820077934954,,
Wahlborn synthetic,40,18,neutron,0,2,1.5,-11.323420549724693,,
Wahlborn synthetic,40,18,neutron,0,2,2.5,-16.56793362161728,,
Wahlborn synthetic,40,18,neutron,0,3,3.5,-6.504578414753175,,
Wahlborn synthetic,40,18,proton,0,0,0.5,-34.21403901562871,,
Wahlborn synthetic,40,18,proton,1,0,0.5,-10.898199928899896,,
Wahlborn synthetic,40,18,proton,0,1,0.5,-22.114275561951192,,
Wahlborn synthetic,40,18,proton,0,1,1.5,-25.06781797248235,,
Wahlborn synthetic,40,18,proton,1,1,1.5,-1.1213247077977808,,
Wahlborn synthetic,40,18,proton,0,2,1.5,-9.273425610125717,,
Wahlborn synthetic,40,18,proton,0,2,2.5,-15.25356320350876,,
Wahlborn synthetic,40,18,proton,0,3,3.5,-5.047324548828937,,
Wahlborn synthetic,48,22,neutron,0,0,0.5,-37.313740747140656,,
Wahlborn synthetic,48,22,neutron,1,0,0.5,-15.779152300116564,,
Wahlborn synthetic,48,22,neutron,0,1,0.5,-26.576641955929034,,
Wahlborn synthetic,48,22,neutron,1,1,0.5,-3.9677183999067154,,
Wahlborn synthetic,48,22,neutron,0,1,1.5,-28.76368481128946,,
Wahlborn synthetic,48,22,neutron,1,1,1.5,-6.144246135362022,,
Wahlborn synthetic,48,22,neutron,0,2,1.5,-14.956148387070666,,
Wahlborn synthetic,48,22,neutron,0,2,2.5,-19.53910871284725,,
Wahlborn synthetic,48,22,neutron,0,3,2.5,-2.761706643647559,,
Wahlborn synthetic,48,22,neutron,0,3,3.5,-9.893754762830659,,
Wahlborn synthetic,48,22,neutron,0,4,4.5,-0.12030694613210444,,
Wahlborn synthetic,48,22,proton,0,0,0.5,-33.773984231490616,,
Wahlborn synthetic,48,22,proton,1,0,0.5,-12.063943762336367,,
Wahlborn synthetic,48,22,proton,0,1,0.5,-22.9719830862255,,
Wahlborn synthetic,48,22,proton,0,1,1.5,-25.42825982006611,,
Wahlborn synthetic,48,22,proton,1,1,1.5,-2.3772619897054046,,
Wahlborn synthetic,48,22,proton,0,2,1.5,-11.196393060707015,,
Wahlborn synthetic,48,22,proton,0,2,2.5,-16.32574611723726,,
Wahlborn synthetic,48,22,proton,0,3,3.5,-6.729976371060003,,
Wahlborn synthetic,60,28,neutron,0,0,0.5,-39.246443236488886,,
Wahlborn synthetic,60,28,neutron,1,0,0.5,-19.329512859731192,,
Wahlborn synthetic,60,28,neutron,2,0,0.5,-0.7727504383154896,,
Wahlborn synthetic,60,28,neutron,0,1,0.5,-29.748651443567084,,
Wahlborn synthetic,60,28,neutron,1,1,0.5,-7.649658558195823,,
Wahlborn synthetic,60,28,neutron,0,1,1.5,-31.49013142577594,,
Wahlborn synthetic,60,28,neutron,1,1,1.5,-9.765411566169028,,
Wahlborn synthetic,60,28,neutron,0,2,1.5,-19.189987999372786,,
Wahlborn synthetic,60,28,neutron,0,2,2.5,-22.98105345709347,,
Wahlborn synthetic,60,28,neutron,1,2,2.5,-1.323065009285943,,
Wahlborn synthetic,60,28,neutron,0,3,2.5,-7.710796943205809,,
Wahlborn synthetic,60,28,neutron,0,3,3.5,-13.945600220447462,,
Wahlborn synthetic,60,28,neutron,0,4,4.5,-4.58110814991943,,
Wahlborn synthetic,60,28,proton,0,0,0.5,-32.977604334897805,,
Wahlborn synthetic,60,28,proton,1,0,0.5,-13.246776195149382,,
Wahlborn synthetic,60,28,proton,0,1,0.5,-23.632103039001947,,
Wahlborn synthetic,60,28,proton,1,1,0.5,-1.5969931983221288,,
Wahlborn synthetic,60,28,proton,0,1,1.5,-25.581356711889185,,
Wahlborn synthetic,60,28,proton,1,1,1.5,-3.884267413412366,,
Wahlborn synthetic,60,28,proton,0,2,1.5,-13.147803092215803,,
Wahlborn synthetic,60,28,proton,0,2,2.5,-17.347749710693517,,
Wahlborn synthetic,60,28,proton,0,3,2.5,-1.6675642093961194,,
Wahlborn synthetic,60,28,proton,0,3,3.5,-8.529144267137468,,
Wahlborn synthetic,72,30,neutron,0,0,0.5,-37.05109653734941,,
Wahlborn synthetic,72,30,neutron,1,0,0.5,-19.062716621201815,,
Wahlborn synthetic,72,30,neutron,2,0,0.5,-1.2431401140652867,,
Wahlborn synthetic,72,30,neutron,0,1,0.5,-28.738177324734846,,
Wahlborn synthetic,72,30,neutron,1,1,0.5,-8.358608724157396,,
Wahlborn synthetic,72,30,neutron,0,1,1.5,-30.099458218452547,,
Wahlborn synthetic,72,30,neutron,1,1,1.5,-10.144313900879586,,
Wahlborn synthetic,72,30,neutron,0,2,1.5,-19.352794512964614,,
Wahlborn synthetic,72,30,neutron,0,2,2.5,-22.38218574067732,,
Wahlborn synthetic,72,30,neutron,1,2,2.5,-2.0480065509333962,,
Wahlborn synthetic,72,30,neutron,0,3,2.5,-9.014697842423354,,
Wahlborn synthetic,72,30,neutron,0,3,3.5,-14.114086235230557,,
Wahlborn synthetic,72,30,neutron,0,4,4.5,-5.475540281545969,,
Wahlborn synthetic,72,30,proton,0,0,0.5,-37.13920773829661,,
Wahlborn synthetic,72,30,proton,1,0,0.5,-18.40252579501738,,
Wahlborn synthetic,72,30,proton,0,1,0.5,-28.593989367148893,,
Wahlborn synthetic,72,30,proton,1,1,0.5,-6.741067864229094,,
Wahlborn synthetic,72,30,proton,0,1,1.5,-30.25254564318456,,
Wahlborn synthetic,72,30,proton,1,1,1.5,-8.991873766252361,,
Wahlborn synthetic,72,30,proton,0,2,1.5,-18.80074139572562,,
Wahlborn synthetic,72,30,proton,0,2,2.5,-22.472805658135737,,
Wahlborn synthetic,72,30,proton,1,2,2.5,-0.08615202407343381,,
Wahlborn synthetic,72,30,proton,0,3,2.5,-7.8108105600062405,,
Wahlborn synthetic,72,30,proton,0,3,3.5,-14.034288880307875,,
Wahlborn synthetic,72,30,proton,0,4,4.5,-5.099481640228574,,
Wahlborn synthetic,90,40,neutron,0,0,0.5,-39.9631262656993,,
Wahlborn synthetic,90,40,neutron,1,0,0.5,-23.429567968744976,,
Wahlborn synthetic,90,40,neutron,2,0,0.5,-4.755680480970654,,
Wahlborn synthetic,90,40,neutron,0,1,0.5,-32.600598994213485,,
Wahlborn synthetic,90,40,neutron,1,1,0.5,-13.160565752811586,,
Wahlborn synthetic,90,40,neutron,0,1,1.5,-33.68072925415546,,
Wahlborn synthetic,90,40,neutron,1,1,1.5,-14.788180344740251,,
Wahlborn synthetic,90,40,neutron,0,2,1.5,-24.123019331977417,,
Wahlborn synthetic,90,40,neutron,1,2,1.5,-3.7206814886105457,,
Wahlborn synthetic,90,40,neutron,0,2,2.5,-26.60068363688803,,
Wahlborn synthetic,90,40,neutron,1,2,2.5,-6.423375321095898,,
Wahlborn synthetic,90,40,neutron,0,3,2.5,-14.590173073677414,,
Wahlborn synthetic,90,40,neutron,0,3,3.5,-18.91314488788395,,
Wahlborn synthetic,90,40,neutron,0,4,3.5,-4.340052947623147,,
Wahlborn synthetic,90,40,neutron,0,4,4.5,-10.759953723412856,,
Wahlborn synthetic,90,40,neutron,0,5,5.5,-2.2817758901963225,,
Wahlborn synthetic,90,40,proton,0,0,0.5,-33.85816123889649,,
Wahlborn synthetic,90,40,proton,1,0,0.5,-17.310313356074094,,
Wahlborn synthetic,90,40,proton,0,1,0.5,-26.655739482909308,,
Wahlborn synthetic,90,40,proton,1,1,0.5,-6.83119716562928,,
Wahlborn synthetic,90,40,proton,0,1,1.5,-27.944386347003046,,
Wahlborn synthetic,90,40,proton,1,1,1.5,-8.703691060376567,,
Wahlborn synthetic,90,40,proton,0,2,1.5,-18.207040895040517,,
Wahlborn synthetic,90,40,proton,0,2,2.5,-21.110869187867195,,
Wahlborn synthetic,90,40,proton,1,2,2.5,-0.3334127670409659,,
Wahlborn synthetic,90,40,proton,0,3,2.5,-8.563860095447263,,
Wahlborn synthetic,90,40,proton,0,3,3.5,-13.586005369362354,,
Wahlborn synthetic,90,40,proton,0,4,4.5,-5.523674102528285,,
Wahlborn synthetic,100,50,neutron,0,0,0.5,-44.09456763069064,,
Wahlborn synthetic,100,50,neutron,1,0,0.5,-27.98268542366619,,
Wahlborn synthetic,100,50,neutron,2,0,0.5,-8.669479817313853,,
Wahlborn synthetic,100,50,neutron,0,1,0.5,-37.035102747572964,,
Wahlborn synthetic,100,50,neutron,1,1,0.5,-17.74465641652579,,
Wahlborn synthetic,100,50,neutron,2,1,0.5,-0.3647841843393725,,
Wahlborn synthetic,100,50,neutron,0,1,1.5,-38.029296520589554,,
Wahlborn synthetic,100,50,neutron,1,1,1.5,-19.3464758796554,,
Wahlborn synthetic,100,50,neutron,2,1,1.5,-1.301529199229943,,
Wahlborn synthetic,100,50,neutron,0,2,1.5,-28.834251915500143,,
Wahlborn synthetic,100,50,neutron,1,2,1.5,-7.889281317960165,,
Wahlborn synthetic,100,50,neutron,0,2,2.5,-31.14724514338897,,
Wahlborn synthetic,100,50,neutron,1,2,2.5,-10.758810468300494,,
Wahlborn synthetic,100,50,neutron,0,3,2.5,-19.52429883671865,,
Wahlborn synthetic,100,50,neutron,0,3,3.5,-23.627584116772358,,
Wahlborn synthetic,100,50,neutron,1,3,3.5,-2.5738977966443475,,
Wahlborn synthetic,100,50,neutron,0,4,3.5,-9.35334295829661,,
Wahlborn synthetic,100,50,neutron,0,4,4.5,-15.597312996641481,,
Wahlborn synthetic,100,50,neutron,0,5,5.5,-7.163201064053207,,
Wahlborn synthetic,100,50,proton,0,0,0.5,-27.901266777166214,,
Wahlborn synthetic,100,50,proton,1,0,0.5,-12.716422325499032,,
Wahlborn synthetic,100,50,proton,0,1,0.5,-21.465527911809815,,
Wahlborn synthetic,100,50,proton,1,1,0.5,-3.157729456950328,,
Wahlborn synthetic,100,50,proton,0,1,1.5,-22.593739952343444,,
Wahlborn synthetic,100,50,proton,1,1,1.5,-4.787451886211986,,
Wahlborn synthetic,100,50,proton,0,2,1.5,-13.819749464689485,,
Wahlborn synthetic,100,50,proton,0,2,2.5,-16.363535627243827,,
Wahlborn synthetic,100,50,proton,0,3,2.5,-5.037883296274715,,
Wahlborn synthetic,100,50,proton,0,3,3.5,-9.442498992869282,,
Wahlborn synthetic,100,50,proton,0,4,4.5,-1.9891844971503267,,
Wahlborn synthetic,132,50,neutron,0,0,0.5,-37.23203281653977,,
Wahlborn synthetic,132,50,neutron,1,0,0.5,-23.917468745038953,,
Wahlborn synthetic,132,50,neutron,2,0,0.5,-7.458219759042856,,
Wahlborn synthetic,132,50,neutron,0,1,0.5,-31.607410490241204,,
Wahlborn synthetic,132,50,neutron,1,1,0.5,-15.458102620779599,,
Wahlborn synthetic,132,50,neutron,2,1,0.5,-0.3155525660008536,,
Wahlborn synthetic,132,50,neutron,0,1,1.5,-32.25465820811367,,
Wahlborn synthetic,132,50,neutron,1,1,1.5,-16.57040357059162,,
Wahlborn synthetic,132,50,neutron,2,1,1.5,-1.0017442622236692,,
Wahlborn synthetic,132,50,neutron,0,2,1.5,-24.979061827968263,,
Wahlborn synthetic,132,50,neutron,1,2,1.5,-7.154146978854245,,
Wahlborn synthetic,132,50,neutron,0,2,2.5,-26.52044486607505,,
Wahlborn synthetic,132,50,neutron,1,2,2.5,-9.190281256885466,,
Wahlborn synthetic,132,50,neutron,0,3,2.5,-17.39596235781766,,
Wahlborn synthetic,132,50,neutron,0,3,3.5,-20.183609598897117,,
Wahlborn synthetic,132,50,neutron,1,3,3.5,-2.1008226463964963,,
Wahlborn synthetic,132,50,neutron,0,4,3.5,-9.039022093441496,,
Wahlborn synthetic,132,50,neutron,0,4,4.5,-13.358965418890062,,
Wahlborn synthetic,132,50,neutron,0,5,4.5,-0.1629094907113691,,
Wahlborn synthetic,132,50,neutron,0,5,5.5,-6.146339281239151,,
Wahlborn synthetic,132,50,proton,0,0,0.5,-38.45474427176097,,
Wahlborn synthetic,132,50,proton,1,0,0.5,-24.523964236790615,,
Wahlborn synthetic,132,50,proton,2,0,0.5,-6.339682959694933,,
Wahlborn synthetic,132,50,proton,0,1,0.5,-32.80984319219482,,
Wahlborn synthetic,132,50,proton,1,1,0.5,-15.364078010027375,,
Wahlborn synthetic,132,50,proton,0,1,1.5,-33.67647771475837,,
Wahlborn synthetic,132,50,proton,1,1,1.5,-16.80111641085415,,
Wahlborn synthetic,132,50,proton,0,2,1.5,-25.960963808003456,,
Wahlborn synthetic,132,50,proton,1,2,1.5,-6.128484734695058,,
Wahlborn synthetic,132,50,proton,0,2,2.5,-27.973687680361543,,
Wahlborn synthetic,132,50,proton,1,2,2.5,-8.883402543092762,,
Wahlborn synthetic,132,50,proton,0,3,2.5,-17.943796641460995,,
Wahlborn synthetic,132,50,proton,0,3,3.5,-21.54755533467206,,
Wahlborn synthetic,132,50,proton,1,3,3.5,-0.9268804704297764,,
Wahlborn synthetic,132,50,proton,0,4,3.5,-8.93263033036893,,
Wahlborn synthetic,132,50,proton,0,4,4.5,-14.527995600247756,,
Wahlborn synthetic,132,50,proton,0,5,5.5,-7.007827650441662,,
Wahlborn synthetic,208,82,neutron,0,0,0.5,-39.699787122853365,,
Wahlborn synthetic,208,82,neutron,1,0,0.5,-29.193622311560922,,
Wahlborn synthetic,208,82,neutron,2,0,0.5,-14.875378845220533,,
Wahlborn synthetic,208,82,neutron,3,0,0.5,-1.0771653368337077,,
Wahlborn synthetic,208,82,neutron,0,1,0.5,-35.482335265739536,,
Wahlborn synthetic,208,82,neutron,1,1,0.5,-22.317528573504447,,
Wahlborn synthetic,208,82,neutron,2,1,0.5,-7.002296368320532,,
Wahlborn synthetic,208,82,neutron,0,1,1.5,-35.85144501042155,,
Wahlborn synthetic,208,82,neutron,1,1,1.5,-23.051253646680177,,
Wahlborn synthetic,208,82,neutron,2,1,1.5,-7.901854438801588,,
Wahlborn synthetic,208,82,neutron,0,2,1.5,-30.402847051719906,,
Wahlborn synthetic,208,82,neutron,1,2,1.5,-15.16031922608126,,
Wahlborn synthetic,208,82,neutron,2,2,1.5,-0.4425653675987093,,
Wahlborn synthetic,208,82,neutron,0,2,2.5,-31.316198215165297,,
Wahlborn synthetic,208,82,neutron,1,2,2.5,-16.627552202642605,,
Wahlborn synthetic,208,82,neutron,2,2,2.5,-1.6348469732890025,,
Wahlborn synthetic,208,82,neutron,0,3,2.5,-24.492712446452273,,
Wahlborn synthetic,208,82,neutron,1,3,2.5,-7.739656646502158,,
Wahlborn synthetic,208,82,neutron,0,3,3.5,-26.20657663930652,,
Wahlborn synthetic,208,82,neutron,1,3,3.5,-10.03963144681522,,
Wahlborn synthetic,208,82,neutron,0,4,3.5,-17.839186270965193,,
Wahlborn synthetic,208,82,neutron,1,4,3.5,-0.44714608799495603,,
Wahlborn synthetic,208,82,neutron,0,4,4.5,-20.605786512835714,,
Wahlborn synthetic,208,82,neutron,1,4,4.5,-3.456925958426964,,
Wahlborn synthetic,208,82,neutron,0,5,4.5,-10.532630927541359,,
Wahlborn synthetic,208,82,neutron,0,5,5.5,-14.57986912949254,,
Wahlborn synthetic,208,82,proton,0,0,0.5,-32.81576271285263,,
Wahlborn synthetic,208,82,proton,1,0,0.5,-22.211829076969927,,
Wahlborn synthetic,208,82,proton,2,0,0.5,-7.369770656668298,,
Wahlborn synthetic,208,82,proton,0,1,0.5,-28.973340440730194,,
Wahlborn synthetic,208,82,proton,1,1,0.5,-15.199656575269222,,
Wahlborn synthetic,208,82,proton,0,1,1.5,-29.512943664460774,,
Wahlborn synthetic,208,82,proton,1,1,1.5,-16.12273104747462,,
Wahlborn synthetic,208,82,proton,2,1,1.5,-0.04444853573681274,,
Wahlborn synthetic,208,82,proton,0,2,1.5,-24.0737016271923,,
Wahlborn synthetic,208,82,proton,1,2,1.5,-7.842583087096957,,
Wahlborn synthetic,208,82,proton,0,2,2.5,-25.328258374054307,,
Wahlborn synthetic,208,82,proton,1,2,2.5,-9.696366399844152,,
Wahlborn synthetic,208,82,proton,0,3,2.5,-18.175243720932727,,
Wahlborn synthetic,208,82,proton,1,3,2.5,-0.04675284972426866,,
Wahlborn synthetic,208,82,proton,0,3,3.5,-20.4452040199082,,
Wahlborn synthetic,208,82,proton,1,3,3.5,-3.007872524257935,,
Wahlborn synthetic,208,82,proton,0,4,3.5,-11.393216046523959,,
Wahlborn synthetic,208,82,proton,0,4,4.5,-14.978765981988358,,
Wahlborn synthetic,208,82,proton,0,5,4.5,-3.8248513166333282,,
Wahlborn synthetic,208,82,proton,0,5,5.5,-9.009704810755903,,
Experimental,16,8,neutron,0,1,0.5,-15.66,1p1/2,hole
Experimental,16,8,neutron,0,2,2.5,-4.14,1d5/2,particle
Experimental,16,8,neutron,1,0,0.5,-3.27,2s1/2,particle
Experimental,16,8,proton,0,1,0.5,-12.13,1p1/2,hole
Experimental,16,8,proton,0,2,2.5,-0.6,1d5/2,particle
Experimental,16,8,proton,1,0,0.5,-0.11,2s1/2,particle
Experimental,40,20,neutron,0,2,2.5,-22.39,1d5/2,hole
Experimental,40,20,neutron,1,0,0.5,-18.19,2s1/2,hole
Experimental,40,20,neutron,0,2,1.5,-15.64,1d3/2,hole
Experimental,40,20,neutron,0,3,3.5,-8.36,1f7/2,particle
Experimental,40,20,neutron,1,1,1.5,-5.84,2p3/2,particle
Experimental,40,20,neutron,1,1,0.5,-4.2,2p1/2,particle
Experimental,40,20,neutron,0,3,2.5,-1.56,1f5/2,particle
Experimental,40,20,proton,0,2,2.5,-15.07,1d5/2,hole
Experimental,40,20,proton,1,0,0.5,-10.92,2s1/2,hole
Experimental,40,20,proton,0,2,1.5,-8.33,1d3/2,hole
Experimental,40,20,proton,0,3,3.5,-1.09,1f7/2,particle
Experimental,48,20,neutron,0,2,2.5,-15.61,1d5/2,hole
Experimental,48,20,neutron,1,0,0.5,-12.55,2s1/2,hole
Experimental,48,20,neutron,0,2,1.5,-12.53,1d3/2,hole
Experimental,48,20,neutron,0,3,3.5,-10.0,1f7/2,hole
Experimental,48,20,neutron,1,1,1.5,-4.6,2p3/2,particle
Experimental,48,20,neutron,1,1,0.5,-2.86,2p1/2,particle
Experimental,48,20,neutron,0,3,2.5,-1.2,1f5/2,particle
Experimental,48,20,proton,0,2,2.5,-21.47,1d5/2,hole
Experimental,48,20,proton,0,2,1.5,-16.18,1d3/2,hole
Experimental,48,20,proton,1,0,0.5,-16.1,2s1/2,hole
Experimental,48,20,proton,0,3,3.5,-9.35,1f7/2,particle
Experimental,48,20,proton,1,1,1.5,-6.44,2p3/2,particle
Experimental,48,20,proton,1,1,0.5,-4.64,2p1/2,particle
Experimental,56,28,neutron,0,3,3.5,-16.64,1f7/2,hole
Experimental,56,28,neutron,1,1,1.5,-10.25,2p3/2,particle
Experimental,56,28,neutron,0,3,2.5,-9.48,1f5/2,particle
Experimental,56,28,neutron,1,1,0.5,-9.13,2p1/2,particle
Experimental,56,28,proton,0,3,3.5,-7.17,1f7/2,hole
Experimental,56,28,proton,1,1,1.5,-0.69,2p3/2,particle
Experimental,90,40,neutron,0,3,3.5,-21.0,1f7/2,hole
Experimental,90,40,neutron,1,1,1.5,-14.5,2p3/2,hole
Experimental,90,40,neutron,0,3,2.5,-14.1,1f5/2,hole
Experimental,90,40,neutron,1,1,0.5,-12.6,2p1/2,hole
Experimental,90,40,neutron,0,4,4.5,-11.97,1g9/2,hole
Experimental,90,40,neutron,1,2,2.5,-7.19,2d5/2,particle
Experimental,90,40,neutron,2,0,0.5,-6.0,3s1/2,particle
Experimental,90,40,neutron,1,2,1.5,-5.1,2d3/2,particle
Experimental,90,40,neutron,0,4,3.5,-4.8,1g7/2,particle
Experimental,90,40,neutron,0,5,5.5,-4.4,1h11/2,particle
Experimental,100,50,neutron,1,1,0.5,-18.38,2p1/2,systematics
Experimental,100,50,neutron,0,4,4.5,-17.93,1g9/2,systematics
Experimental,100,50,neutron,1,2,2.5,-11.13,2d5/2,systematics
Experimental,100,50,neutron,0,4,3.5,-10.93,1g7/2,systematics
Experimental,100,50,neutron,2,0,0.5,-9.3,3s1/2,systematics
Experimental,100,50,neutron,1,2,1.5,-9.2,2d3/2,systematics
Experimental,100,50,neutron,0,5,5.5,-8.6,1h11/2,systematics
Experimental,100,50,proton,0,3,2.5,-8.71,1f5/2,systematics
Experimental,100,50,proton,1,1,1.5,-6.38,2p3/2,systematics
Experimental,100,50,proton,1,1,0.5,-3.53,2p1/2,systematics
Experimental,100,50,proton,0,4,4.5,-2.92,1g9/2,systematics
Experimental,132,50,neutron,0,4,3.5,-9.75,1g7/2,hole
Experimental,132,50,neutron,1,2,2.5,-8.97,2d5/2,hole
Experimental,132,50,neutron,2,0,0.5,-7.64,3s1/2,hole
Experimental,132,50,neutron,0,5,5.5,-7.54,1h11/2,hole
Experimental,132,50,neutron,1,2,1.5,-7.31,2d3/2,hole
Experimental,132,50,neutron,1,3,3.5,-2.47,2f7/2,particle
Experimental,132,50,neutron,2,1,1.5,-1.57,3p3/2,particle
Experimental,132,50,neutron,0,5,4.5,-0.86,1h9/2,particle
Experimental,132,50,neutron,1,3,2.5,-0.42,2f5/2,particle
Experimental,132,50,proton,1,1,0.5,-16.01,2p1/2,hole
Experimental,132,50,proton,0,4,4.5,-15.71,1g9/2,hole
Experimental,132,50,proton,0,4,3.5,-9.68,1g7/2,particle
Experimental,132,50,proton,1,2,2.5,-8.72,2d5/2,particle
Experimental,132,50,proton,1,2,1.5,-6.97,2d3/2,particle
Experimental,132,50,proton,0,5,5.5,-6.89,1h11/2,particle
Experimental,208,82,neutron,0,5,4.5,-11.4,1h9/2,hole
Experimental,208,82,neutron,1,3,3.5,-9.81,2f7/2,hole
Experimental,208,82,neutron,0,6,6.5,-9.24,1i13/2,hole
Experimental,208,82,neutron,2,1,1.5,-8.26,3p3/2,hole
Experimental,208,82,neutron,1,3,2.5,-7.94,2f5/2,hole
Experimental,208,82,neutron,2,1,0.5,-7.37,3p1/2,hole
Experimental,208,82,neutron,1,4,4.5,-3.94,2g9/2,particle
Experimental,208,82,neutron,0,6,5.5,-3.16,1i11/2,particle
Experimental,208,82,neutron,0,7,7.5,-2.51,1j15/2,particle
Experimental,208,82,neutron,2,2,2.5,-2.37,3d5/2,particle
Experimental,208,82,neutron,3,0,0.5,-1.9,4s1/2,particle
Experimental,208,82,neutron,1,4,3.5,-1.44,2g7/2,particle
Experimental,208,82,neutron,2,2,1.5,-1.4,3d3/2,particle
Experimental,208,82,proton,0,4,3.5,-12.0,1g7/2,hole
Experimental,208,82,proton,1,2,2.5,-9.82,2d5/2,hole
Experimental,208,82,proton,0,5,5.5,-9.36,1h11/2,hole
Experimental,208,82,proton,1,2,1.5,-8.36,2d3/2,hole
Experimental,208,82,proton,2,0,0.5,-8.01,3s1/2,hole
Experimental,208,82,proton,0,5,4.5,-3.8,1h9/2,particle
Experimental,208,82,proton,1,3,3.5,-2.9,2f7/2,particle
Experimental,208,82,proton,0,6,6.5,-2.1,1i13/2,particle
Experimental,208,82,proton,1,3,2.5,-0.97,2f5/2,particle
Experimental,208,82,proton,2,1,1.5,-0.68,3p3/2,particle
Experimental,208,82,proton,2,1,0.5,-0.16,3p1/2,particle
